filename,class
1.jpg,Cracked
2.jpg,Cracked
3.jpg,Uncracked
4.jpg,Uncracked
5.jpg,Uncracked
6.jpg,Uncracked
7.jpg,Uncracked
8.jpg,Cracked
9.jpg,Uncracked
10.jpg,Uncracked
11.jpg,Cracked
12.jpg,Cracked
13.jpg,Cracked
14.jpg,Cracked
15.jpg,Uncracked
16.jpg,Cracked
17.jpg,Cracked
18.jpg,Cracked
19.jpg,Cracked
20.jpg,Uncracked
21.jpg,Uncracked
22.jpg,Uncracked
23.jpg,Cracked
24.jpg,Uncracked
25.jpg,Uncracked
26.jpg,Uncracked
27.jpg,Cracked
28.jpg,Uncracked
29.jpg,Cracked
30.jpg,Uncracked
31.jpg,Uncracked
32.jpg,Uncracked
33.jpg,Cracked
34.jpg,Cracked
35.jpg,Cracked
36.jpg,Cracked
37.jpg,Cracked
38.jpg,Uncracked
39.jpg,Uncracked
40.jpg,Uncracked
41.jpg,Uncracked
42.jpg,Cracked
43.jpg,Cracked
44.jpg,Cracked
45.jpg,Uncracked
46.jpg,Uncracked
47.jpg,Uncracked
48.jpg,Uncracked
49.jpg,Uncracked
50.jpg,Uncracked
51.jpg,Cracked
52.jpg,Cracked
53.jpg,Uncracked
54.jpg,Uncracked
55.jpg,Cracked
56.jpg,Uncracked
57.jpg,Cracked
58.jpg,Uncracked
59.jpg,Cracked
60.jpg,Uncracked
61.jpg,Uncracked
62.jpg,Uncracked
63.jpg,Cracked
64.jpg,Cracked
65.jpg,Cracked
66.jpg,Uncracked
67.jpg,Cracked
68.jpg,Uncracked
69.jpg,Uncracked
70.jpg,Uncracked
71.jpg,Uncracked
72.jpg,Cracked
73.jpg,Uncracked
74.jpg,Uncracked
75.jpg,Uncracked
76.jpg,Cracked
77.jpg,Cracked
78.jpg,Uncracked
79.jpg,Uncracked
80.jpg,Cracked
81.jpg,Cracked
82.jpg,Uncracked
83.jpg,Cracked
84.jpg,Cracked
85.jpg,Cracked
86.jpg,Uncracked
87.jpg,Cracked
88.jpg,Uncracked
89.jpg,Cracked
90.jpg,Cracked
91.jpg,Uncracked
92.jpg,Cracked
93.jpg,Cracked
94.jpg,Uncracked
95.jpg,Cracked
96.jpg,Uncracked
97.jpg,Uncracked
98.jpg,Cracked
99.jpg,Cracked
100.jpg,Cracked
101.jpg,Uncracked
102.jpg,Cracked
103.jpg,Uncracked
104.jpg,Cracked
105.jpg,Cracked
106.jpg,Uncracked
107.jpg,Cracked
108.jpg,Uncracked
109.jpg,Uncracked
110.jpg,Uncracked
111.jpg,Uncracked
112.jpg,Uncracked
113.jpg,Uncracked
114.jpg,Cracked
115.jpg,Uncracked
116.jpg,Cracked
117.jpg,Cracked
118.jpg,Uncracked
119.jpg,Cracked
120.jpg,Uncracked
121.jpg,Uncracked
122.jpg,Uncracked
123.jpg,Uncracked
124.jpg,Uncracked
125.jpg,Uncracked
126.jpg,Uncracked
127.jpg,Uncracked
128.jpg,Cracked
129.jpg,Cracked
130.jpg,Uncracked
131.jpg,Cracked
132.jpg,Uncracked
133.jpg,Uncracked
134.jpg,Uncracked
135.jpg,Cracked
136.jpg,Uncracked
137.jpg,Uncracked
138.jpg,Cracked
139.jpg,Cracked
140.jpg,Uncracked
141.jpg,Uncracked
142.jpg,Cracked
143.jpg,Cracked
144.jpg,Cracked
145.jpg,Uncracked
146.jpg,Uncracked
147.jpg,Uncracked
148.jpg,Uncracked
149.jpg,Cracked
150.jpg,Uncracked
151.jpg,Uncracked
152.jpg,Uncracked
153.jpg,Uncracked
154.jpg,Uncracked
155.jpg,Uncracked
156.jpg,Uncracked
157.jpg,Cracked
158.jpg,Uncracked
159.jpg,Uncracked
160.jpg,Uncracked
161.jpg,Cracked
162.jpg,Uncracked
163.jpg,Uncracked
164.jpg,Uncracked
165.jpg,Uncracked
166.jpg,Cracked
167.jpg,Uncracked
168.jpg,Cracked
169.jpg,Cracked
170.jpg,Cracked
171.jpg,Cracked
172.jpg,Uncracked
173.jpg,Uncracked
174.jpg,Cracked
175.jpg,Uncracked
176.jpg,Cracked
177.jpg,Uncracked
178.jpg,Cracked
179.jpg,Cracked
180.jpg,Cracked
181.jpg,Cracked
182.jpg,Cracked
183.jpg,Uncracked
184.jpg,Uncracked
185.jpg,Uncracked
186.jpg,Uncracked
187.jpg,Cracked
188.jpg,Cracked
189.jpg,Cracked
190.jpg,Cracked
191.jpg,Cracked
192.jpg,Uncracked
193.jpg,Uncracked
194.jpg,Cracked
195.jpg,Uncracked
196.jpg,Uncracked
197.jpg,Cracked
198.jpg,Cracked
199.jpg,Uncracked
200.jpg,Uncracked
201.jpg,Cracked
202.jpg,Cracked
203.jpg,Uncracked
204.jpg,Uncracked
205.jpg,Uncracked
206.jpg,Cracked
207.jpg,Uncracked
208.jpg,Cracked
209.jpg,Uncracked
210.jpg,Uncracked
211.jpg,Uncracked
212.jpg,Uncracked
213.jpg,Uncracked
214.jpg,Cracked
215.jpg,Cracked
216.jpg,Uncracked
217.jpg,Cracked
218.jpg,Uncracked
219.jpg,Cracked
220.jpg,Uncracked
221.jpg,Cracked
222.jpg,Uncracked
223.jpg,Uncracked
224.jpg,Uncracked
225.jpg,Cracked
226.jpg,Uncracked
227.jpg,Uncracked
228.jpg,Uncracked
229.jpg,Cracked
230.jpg,Uncracked
231.jpg,Cracked
232.jpg,Uncracked
233.jpg,Cracked
234.jpg,Cracked
235.jpg,Cracked
236.jpg,Uncracked
237.jpg,Uncracked
238.jpg,Cracked
239.jpg,Uncracked
240.jpg,Uncracked
241.jpg,Uncracked
242.jpg,Cracked
243.jpg,Uncracked
244.jpg,Cracked
245.jpg,Uncracked
246.jpg,Uncracked
247.jpg,Cracked
248.jpg,Cracked
249.jpg,Uncracked
250.jpg,Cracked
251.jpg,Cracked
252.jpg,Uncracked
253.jpg,Uncracked
254.jpg,Uncracked
255.jpg,Uncracked
256.jpg,Uncracked
257.jpg,Cracked
258.jpg,Cracked
259.jpg,Cracked
260.jpg,Uncracked
261.jpg,Cracked
262.jpg,Cracked
263.jpg,Cracked
264.jpg,Uncracked
265.jpg,Cracked
266.jpg,Cracked
267.jpg,Uncracked
268.jpg,Cracked
269.jpg,Cracked
270.jpg,Cracked
271.jpg,Cracked
272.jpg,Cracked
273.jpg,Uncracked
274.jpg,Uncracked
275.jpg,Uncracked
276.jpg,Cracked
277.jpg,Uncracked
278.jpg,Uncracked
279.jpg,Cracked
280.jpg,Cracked
281.jpg,Cracked
282.jpg,Uncracked
283.jpg,Cracked
284.jpg,Cracked
285.jpg,Uncracked
286.jpg,Uncracked
287.jpg,Uncracked
288.jpg,Cracked
289.jpg,Uncracked
290.jpg,Uncracked
291.jpg,Cracked
292.jpg,Cracked
293.jpg,Uncracked
294.jpg,Uncracked
295.jpg,Uncracked
296.jpg,Uncracked
297.jpg,Uncracked
298.jpg,Cracked
299.jpg,Cracked
300.jpg,Uncracked
301.jpg,Uncracked
302.jpg,Uncracked
303.jpg,Cracked
304.jpg,Cracked
305.jpg,Cracked
306.jpg,Uncracked
307.jpg,Cracked
308.jpg,Cracked
309.jpg,Uncracked
310.jpg,Uncracked
311.jpg,Cracked
312.jpg,Cracked
313.jpg,Cracked
314.jpg,Uncracked
315.jpg,Uncracked
316.jpg,Uncracked
317.jpg,Uncracked
318.jpg,Cracked
319.jpg,Uncracked
320.jpg,Cracked
321.jpg,Uncracked
322.jpg,Uncracked
323.jpg,Cracked
324.jpg,Cracked
325.jpg,Cracked
326.jpg,Uncracked
327.jpg,Cracked
328.jpg,Cracked
329.jpg,Uncracked
330.jpg,Uncracked
331.jpg,Uncracked
332.jpg,Cracked
333.jpg,Uncracked
334.jpg,Cracked
335.jpg,Uncracked
336.jpg,Uncracked
337.jpg,Cracked
338.jpg,Uncracked
339.jpg,Cracked
340.jpg,Cracked
341.jpg,Uncracked
342.jpg,Uncracked
343.jpg,Cracked
344.jpg,Cracked
345.jpg,Uncracked
346.jpg,Uncracked
347.jpg,Cracked
348.jpg,Uncracked
349.jpg,Uncracked
350.jpg,Uncracked
351.jpg,Uncracked
352.jpg,Uncracked
353.jpg,Cracked
354.jpg,Uncracked
355.jpg,Cracked
356.jpg,Uncracked
357.jpg,Uncracked
358.jpg,Uncracked
359.jpg,Cracked
360.jpg,Uncracked
361.jpg,Cracked
362.jpg,Cracked
363.jpg,Uncracked
364.jpg,Cracked
365.jpg,Cracked
366.jpg,Uncracked
367.jpg,Uncracked
368.jpg,Uncracked
369.jpg,Cracked
370.jpg,Uncracked
371.jpg,Uncracked
372.jpg,Uncracked
373.jpg,Cracked
374.jpg,Cracked
375.jpg,Cracked
376.jpg,Cracked
377.jpg,Uncracked
378.jpg,Uncracked
379.jpg,Uncracked
380.jpg,Uncracked
381.jpg,Uncracked
382.jpg,Cracked
383.jpg,Uncracked
384.jpg,Uncracked
385.jpg,Cracked
386.jpg,Cracked
387.jpg,Uncracked
388.jpg,Uncracked
389.jpg,Cracked
390.jpg,Uncracked
391.jpg,Uncracked
392.jpg,Uncracked
393.jpg,Cracked
394.jpg,Uncracked
395.jpg,Cracked
396.jpg,Cracked
397.jpg,Uncracked
398.jpg,Cracked
399.jpg,Uncracked
400.jpg,Cracked
401.jpg,Cracked
402.jpg,Cracked
403.jpg,Cracked
404.jpg,Uncracked
405.jpg,Cracked
406.jpg,Uncracked
407.jpg,Cracked
408.jpg,Cracked
409.jpg,Uncracked
410.jpg,Uncracked
411.jpg,Uncracked
412.jpg,Cracked
413.jpg,Cracked
414.jpg,Uncracked
415.jpg,Cracked
416.jpg,Uncracked
417.jpg,Uncracked
418.jpg,Uncracked
419.jpg,Uncracked
420.jpg,Cracked
421.jpg,Uncracked
422.jpg,Uncracked
423.jpg,Cracked
424.jpg,Cracked
425.jpg,Cracked
426.jpg,Uncracked
427.jpg,Uncracked
428.jpg,Uncracked
429.jpg,Uncracked
430.jpg,Cracked
431.jpg,Cracked
432.jpg,Uncracked
433.jpg,Uncracked
434.jpg,Cracked
435.jpg,Uncracked
436.jpg,Uncracked
437.jpg,Cracked
438.jpg,Uncracked
439.jpg,Uncracked
440.jpg,Uncracked
441.jpg,Cracked
442.jpg,Uncracked
443.jpg,Uncracked
444.jpg,Cracked
445.jpg,Cracked
446.jpg,Uncracked
447.jpg,Uncracked
448.jpg,Uncracked
449.jpg,Cracked
450.jpg,Cracked
451.jpg,Uncracked
452.jpg,Cracked
453.jpg,Cracked
454.jpg,Uncracked
455.jpg,Cracked
456.jpg,Cracked
457.jpg,Cracked
458.jpg,Uncracked
459.jpg,Uncracked
460.jpg,Cracked
461.jpg,Uncracked
462.jpg,Uncracked
463.jpg,Cracked
464.jpg,Uncracked
465.jpg,Cracked
466.jpg,Uncracked
467.jpg,Uncracked
468.jpg,Cracked
469.jpg,Uncracked
470.jpg,Uncracked
471.jpg,Cracked
472.jpg,Uncracked
473.jpg,Uncracked
474.jpg,Uncracked
475.jpg,Uncracked
476.jpg,Cracked
477.jpg,Cracked
478.jpg,Cracked
479.jpg,Uncracked
480.jpg,Uncracked
481.jpg,Uncracked
482.jpg,Cracked
483.jpg,Uncracked
484.jpg,Cracked
485.jpg,Uncracked
486.jpg,Cracked
487.jpg,Uncracked
488.jpg,Cracked
489.jpg,Uncracked
490.jpg,Uncracked
491.jpg,Uncracked
492.jpg,Uncracked
493.jpg,Cracked
494.jpg,Cracked
495.jpg,Uncracked
496.jpg,Cracked
497.jpg,Uncracked
498.jpg,Uncracked
499.jpg,Uncracked
500.jpg,Cracked
501.jpg,Uncracked
502.jpg,Cracked
503.jpg,Cracked
504.jpg,Uncracked
505.jpg,Cracked
506.jpg,Cracked
507.jpg,Uncracked
508.jpg,Cracked
509.jpg,Uncracked
510.jpg,Cracked
511.jpg,Uncracked
512.jpg,Cracked
513.jpg,Uncracked
514.jpg,Uncracked
515.jpg,Cracked
516.jpg,Cracked
517.jpg,Uncracked
518.jpg,Uncracked
519.jpg,Cracked
520.jpg,Uncracked
521.jpg,Cracked
522.jpg,Uncracked
523.jpg,Cracked
524.jpg,Uncracked
525.jpg,Cracked
526.jpg,Uncracked
527.jpg,Uncracked
528.jpg,Cracked
529.jpg,Uncracked
530.jpg,Uncracked
531.jpg,Uncracked
532.jpg,Cracked
533.jpg,Cracked
534.jpg,Uncracked
535.jpg,Uncracked
536.jpg,Uncracked
537.jpg,Uncracked
538.jpg,Uncracked
539.jpg,Cracked
540.jpg,Uncracked
541.jpg,Cracked
542.jpg,Cracked
543.jpg,Cracked
544.jpg,Cracked
545.jpg,Uncracked
546.jpg,Cracked
547.jpg,Uncracked
548.jpg,Uncracked
549.jpg,Cracked
550.jpg,Cracked
551.jpg,Uncracked
552.jpg,Uncracked
553.jpg,Cracked
554.jpg,Cracked
555.jpg,Uncracked
556.jpg,Uncracked
557.jpg,Cracked
558.jpg,Uncracked
559.jpg,Uncracked
560.jpg,Cracked
561.jpg,Uncracked
562.jpg,Cracked
563.jpg,Cracked
564.jpg,Cracked
565.jpg,Uncracked
566.jpg,Cracked
567.jpg,Uncracked
568.jpg,Uncracked
569.jpg,Cracked
570.jpg,Uncracked
571.jpg,Uncracked
572.jpg,Cracked
573.jpg,Uncracked
574.jpg,Cracked
575.jpg,Uncracked
576.jpg,Cracked
577.jpg,Cracked
578.jpg,Cracked
579.jpg,Cracked
580.jpg,Uncracked
581.jpg,Uncracked
582.jpg,Uncracked
583.jpg,Cracked
584.jpg,Uncracked
585.jpg,Uncracked
586.jpg,Uncracked
587.jpg,Cracked
588.jpg,Uncracked
589.jpg,Uncracked
590.jpg,Cracked
591.jpg,Uncracked
592.jpg,Uncracked
593.jpg,Uncracked
594.jpg,Uncracked
595.jpg,Cracked
596.jpg,Uncracked
597.jpg,Cracked
598.jpg,Cracked
599.jpg,Cracked
600.jpg,Uncracked
601.jpg,Uncracked
602.jpg,Uncracked
603.jpg,Cracked
604.jpg,Cracked
605.jpg,Uncracked
606.jpg,Cracked
607.jpg,Uncracked
608.jpg,Uncracked
609.jpg,Cracked
610.jpg,Uncracked
611.jpg,Uncracked
612.jpg,Uncracked
613.jpg,Uncracked
614.jpg,Uncracked
615.jpg,Uncracked
616.jpg,Cracked
617.jpg,Cracked
618.jpg,Uncracked
619.jpg,Cracked
620.jpg,Cracked
621.jpg,Cracked
622.jpg,Cracked
623.jpg,Uncracked
624.jpg,Cracked
625.jpg,Cracked
626.jpg,Cracked
627.jpg,Uncracked
628.jpg,Uncracked
629.jpg,Cracked
630.jpg,Uncracked
631.jpg,Cracked
632.jpg,Cracked
633.jpg,Uncracked
634.jpg,Cracked
635.jpg,Uncracked
636.jpg,Uncracked
637.jpg,Cracked
638.jpg,Uncracked
639.jpg,Uncracked
640.jpg,Uncracked
641.jpg,Cracked
642.jpg,Uncracked
643.jpg,Uncracked
644.jpg,Uncracked
645.jpg,Uncracked
646.jpg,Uncracked
647.jpg,Uncracked
648.jpg,Cracked
649.jpg,Uncracked
650.jpg,Cracked
651.jpg,Uncracked
652.jpg,Cracked
653.jpg,Cracked
654.jpg,Uncracked
655.jpg,Uncracked
656.jpg,Cracked
657.jpg,Uncracked
658.jpg,Cracked
659.jpg,Uncracked
660.jpg,Uncracked
661.jpg,Uncracked
662.jpg,Cracked
663.jpg,Uncracked
664.jpg,Cracked
665.jpg,Cracked
666.jpg,Uncracked
667.jpg,Uncracked
668.jpg,Uncracked
669.jpg,Cracked
670.jpg,Cracked
671.jpg,Uncracked
672.jpg,Uncracked
673.jpg,Uncracked
674.jpg,Cracked
675.jpg,Uncracked
676.jpg,Uncracked
677.jpg,Uncracked
678.jpg,Uncracked
679.jpg,Uncracked
680.jpg,Uncracked
681.jpg,Cracked
682.jpg,Cracked
683.jpg,Uncracked
684.jpg,Uncracked
685.jpg,Uncracked
686.jpg,Cracked
687.jpg,Uncracked
688.jpg,Uncracked
689.jpg,Uncracked
690.jpg,Uncracked
691.jpg,Cracked
692.jpg,Uncracked
693.jpg,Uncracked
694.jpg,Uncracked
695.jpg,Uncracked
696.jpg,Uncracked
697.jpg,Cracked
698.jpg,Cracked
699.jpg,Uncracked
700.jpg,Cracked
701.jpg,Cracked
702.jpg,Uncracked
703.jpg,Uncracked
704.jpg,Cracked
705.jpg,Cracked
706.jpg,Uncracked
707.jpg,Uncracked
708.jpg,Cracked
709.jpg,Cracked
710.jpg,Cracked
711.jpg,Uncracked
712.jpg,Cracked
713.jpg,Uncracked
714.jpg,Uncracked
715.jpg,Uncracked
716.jpg,Cracked
717.jpg,Uncracked
718.jpg,Cracked
719.jpg,Uncracked
720.jpg,Uncracked
721.jpg,Uncracked
722.jpg,Cracked
723.jpg,Uncracked
724.jpg,Cracked
725.jpg,Uncracked
726.jpg,Cracked
727.jpg,Uncracked
728.jpg,Uncracked
729.jpg,Uncracked
730.jpg,Uncracked
731.jpg,Cracked
732.jpg,Uncracked
733.jpg,Uncracked
734.jpg,Cracked
735.jpg,Uncracked
736.jpg,Uncracked
737.jpg,Uncracked
738.jpg,Cracked
739.jpg,Cracked
740.jpg,Cracked
741.jpg,Uncracked
742.jpg,Uncracked
743.jpg,Cracked
744.jpg,Cracked
745.jpg,Uncracked
746.jpg,Cracked
747.jpg,Uncracked
748.jpg,Uncracked
749.jpg,Uncracked
750.jpg,Cracked
751.jpg,Uncracked
752.jpg,Uncracked
753.jpg,Uncracked
754.jpg,Uncracked
755.jpg,Uncracked
756.jpg,Uncracked
757.jpg,Cracked
758.jpg,Uncracked
759.jpg,Uncracked
760.jpg,Uncracked
761.jpg,Uncracked
762.jpg,Cracked
763.jpg,Uncracked
764.jpg,Uncracked
765.jpg,Uncracked
766.jpg,Uncracked
767.jpg,Cracked
768.jpg,Uncracked
769.jpg,Cracked
770.jpg,Cracked
771.jpg,Cracked
772.jpg,Uncracked
773.jpg,Uncracked
774.jpg,Cracked
775.jpg,Uncracked
776.jpg,Uncracked
777.jpg,Uncracked
778.jpg,Uncracked
779.jpg,Cracked
780.jpg,Cracked
781.jpg,Uncracked
782.jpg,Uncracked
783.jpg,Cracked
784.jpg,Uncracked
785.jpg,Uncracked
786.jpg,Cracked
787.jpg,Cracked
788.jpg,Uncracked
789.jpg,Cracked
790.jpg,Cracked
791.jpg,Uncracked
792.jpg,Cracked
793.jpg,Uncracked
794.jpg,Cracked
795.jpg,Uncracked
796.jpg,Uncracked
797.jpg,Uncracked
798.jpg,Uncracked
799.jpg,Cracked
800.jpg,Cracked
801.jpg,Uncracked
802.jpg,Uncracked
803.jpg,Cracked
804.jpg,Uncracked
805.jpg,Uncracked
806.jpg,Uncracked
807.jpg,Cracked
808.jpg,Uncracked
809.jpg,Uncracked
810.jpg,Uncracked
811.jpg,Uncracked
812.jpg,Uncracked
813.jpg,Uncracked
814.jpg,Uncracked
815.jpg,Uncracked
816.jpg,Cracked
817.jpg,Cracked
818.jpg,Cracked
819.jpg,Uncracked
820.jpg,Uncracked
821.jpg,Uncracked
822.jpg,Cracked
823.jpg,Uncracked
824.jpg,Cracked
825.jpg,Uncracked
826.jpg,Cracked
827.jpg,Uncracked
828.jpg,Cracked
829.jpg,Uncracked
830.jpg,Cracked
831.jpg,Uncracked
832.jpg,Cracked
833.jpg,Uncracked
834.jpg,Uncracked
835.jpg,Cracked
836.jpg,Uncracked
837.jpg,Uncracked
838.jpg,Uncracked
839.jpg,Cracked
840.jpg,Cracked
841.jpg,Cracked
842.jpg,Uncracked
843.jpg,Uncracked
844.jpg,Uncracked
845.jpg,Uncracked
846.jpg,Uncracked
847.jpg,Cracked
848.jpg,Uncracked
849.jpg,Uncracked
850.jpg,Uncracked
851.jpg,Cracked
852.jpg,Uncracked
853.jpg,Uncracked
854.jpg,Cracked
855.jpg,Uncracked
856.jpg,Uncracked
857.jpg,Uncracked
858.jpg,Cracked
859.jpg,Cracked
860.jpg,Uncracked
861.jpg,Uncracked
862.jpg,Uncracked
863.jpg,Uncracked
864.jpg,Uncracked
865.jpg,Uncracked
866.jpg,Uncracked
867.jpg,Uncracked
868.jpg,Uncracked
869.jpg,Uncracked
870.jpg,Cracked
871.jpg,Uncracked
872.jpg,Uncracked
873.jpg,Uncracked
874.jpg,Cracked
875.jpg,Uncracked
876.jpg,Uncracked
877.jpg,Uncracked
878.jpg,Cracked
879.jpg,Uncracked
880.jpg,Cracked
881.jpg,Uncracked
882.jpg,Cracked
883.jpg,Uncracked
884.jpg,Uncracked
885.jpg,Uncracked
886.jpg,Cracked
887.jpg,Uncracked
888.jpg,Uncracked
889.jpg,Uncracked
890.jpg,Uncracked
891.jpg,Cracked
892.jpg,Uncracked
893.jpg,Uncracked
894.jpg,Cracked
895.jpg,Uncracked
896.jpg,Cracked
897.jpg,Uncracked
898.jpg,Cracked
899.jpg,Cracked
900.jpg,Uncracked
901.jpg,Uncracked
902.jpg,Uncracked
903.jpg,Cracked
904.jpg,Cracked
905.jpg,Uncracked
906.jpg,Cracked
907.jpg,Cracked
908.jpg,Cracked
909.jpg,Cracked
910.jpg,Cracked
911.jpg,Cracked
912.jpg,Uncracked
913.jpg,Uncracked
914.jpg,Cracked
915.jpg,Uncracked
916.jpg,Uncracked
917.jpg,Uncracked
918.jpg,Cracked
919.jpg,Cracked
920.jpg,Uncracked
921.jpg,Cracked
922.jpg,Uncracked
923.jpg,Cracked
924.jpg,Uncracked
925.jpg,Uncracked
926.jpg,Uncracked
927.jpg,Uncracked
928.jpg,Uncracked
929.jpg,Uncracked
930.jpg,Uncracked
931.jpg,Cracked
932.jpg,Uncracked
933.jpg,Cracked
934.jpg,Cracked
935.jpg,Uncracked
936.jpg,Cracked
937.jpg,Uncracked
938.jpg,Cracked
939.jpg,Uncracked
940.jpg,Cracked
941.jpg,Cracked
942.jpg,Uncracked
943.jpg,Uncracked
944.jpg,Uncracked
945.jpg,Uncracked
946.jpg,Uncracked
947.jpg,Uncracked
948.jpg,Uncracked
949.jpg,Uncracked
950.jpg,Uncracked
951.jpg,Cracked
952.jpg,Cracked
953.jpg,Uncracked
954.jpg,Cracked
955.jpg,Uncracked
956.jpg,Uncracked
957.jpg,Cracked
958.jpg,Uncracked
959.jpg,Cracked
960.jpg,Uncracked
961.jpg,Uncracked
962.jpg,Cracked
963.jpg,Cracked
964.jpg,Uncracked
965.jpg,Cracked
966.jpg,Cracked
967.jpg,Uncracked
968.jpg,Cracked
969.jpg,Cracked
970.jpg,Cracked
971.jpg,Uncracked
972.jpg,Cracked
973.jpg,Cracked
974.jpg,Cracked
975.jpg,Uncracked
976.jpg,Cracked
977.jpg,Uncracked
978.jpg,Cracked
979.jpg,Cracked
980.jpg,Uncracked
981.jpg,Cracked
982.jpg,Uncracked
983.jpg,Cracked
984.jpg,Uncracked
985.jpg,Uncracked
986.jpg,Uncracked
987.jpg,Uncracked
988.jpg,Cracked
989.jpg,Uncracked
990.jpg,Cracked
991.jpg,Uncracked
992.jpg,Uncracked
993.jpg,Cracked
994.jpg,Uncracked
995.jpg,Cracked
996.jpg,Uncracked
997.jpg,Uncracked
998.jpg,Cracked
999.jpg,Uncracked
1000.jpg,Uncracked
1001.jpg,Uncracked
1002.jpg,Cracked
1003.jpg,Cracked
1004.jpg,Uncracked
1005.jpg,Uncracked
1006.jpg,Cracked
1007.jpg,Cracked
1008.jpg,Uncracked
1009.jpg,Cracked
1010.jpg,Uncracked
1011.jpg,Uncracked
1012.jpg,Uncracked
1013.jpg,Cracked
1014.jpg,Uncracked
1015.jpg,Uncracked
1016.jpg,Uncracked
1017.jpg,Cracked
1018.jpg,Uncracked
1019.jpg,Cracked
1020.jpg,Cracked
1021.jpg,Uncracked
1022.jpg,Cracked
1023.jpg,Uncracked
1024.jpg,Uncracked
1025.jpg,Uncracked
1026.jpg,Cracked
1027.jpg,Cracked
1028.jpg,Uncracked
1029.jpg,Uncracked
1030.jpg,Cracked
1031.jpg,Uncracked
1032.jpg,Cracked
1033.jpg,Uncracked
1034.jpg,Cracked
1035.jpg,Uncracked
1036.jpg,Cracked
1037.jpg,Uncracked
1038.jpg,Uncracked
1039.jpg,Cracked
1040.jpg,Uncracked
1041.jpg,Uncracked
1042.jpg,Cracked
1043.jpg,Uncracked
1044.jpg,Uncracked
1045.jpg,Cracked
1046.jpg,Cracked
1047.jpg,Uncracked
1048.jpg,Uncracked
1049.jpg,Uncracked
1050.jpg,Uncracked
1051.jpg,Cracked
1052.jpg,Uncracked
1053.jpg,Cracked
1054.jpg,Cracked
1055.jpg,Cracked
1056.jpg,Uncracked
1057.jpg,Cracked
1058.jpg,Uncracked
1059.jpg,Cracked
1060.jpg,Uncracked
1061.jpg,Cracked
1062.jpg,Uncracked
1063.jpg,Uncracked
1064.jpg,Uncracked
1065.jpg,Cracked
1066.jpg,Cracked
1067.jpg,Uncracked
1068.jpg,Cracked
1069.jpg,Uncracked
1070.jpg,Cracked
1071.jpg,Cracked
1072.jpg,Uncracked
1073.jpg,Uncracked
1074.jpg,Uncracked
1075.jpg,Uncracked
1076.jpg,Uncracked
1077.jpg,Cracked
1078.jpg,Uncracked
1079.jpg,Uncracked
1080.jpg,Cracked
1081.jpg,Uncracked
1082.jpg,Uncracked
1083.jpg,Cracked
1084.jpg,Cracked
1085.jpg,Uncracked
1086.jpg,Cracked
1087.jpg,Uncracked
1088.jpg,Cracked
1089.jpg,Cracked
1090.jpg,Cracked
1091.jpg,Uncracked
1092.jpg,Uncracked
1093.jpg,Uncracked
1094.jpg,Cracked
1095.jpg,Uncracked
1096.jpg,Uncracked
1097.jpg,Uncracked
1098.jpg,Uncracked
1099.jpg,Uncracked
1100.jpg,Cracked
1101.jpg,Uncracked
1102.jpg,Uncracked
1103.jpg,Uncracked
1104.jpg,Cracked
1105.jpg,Cracked
1106.jpg,Uncracked
1107.jpg,Uncracked
1108.jpg,Cracked
1109.jpg,Uncracked
1110.jpg,Uncracked
1111.jpg,Uncracked
1112.jpg,Uncracked
1113.jpg,Cracked
1114.jpg,Uncracked
1115.jpg,Uncracked
1116.jpg,Uncracked
1117.jpg,Cracked
1118.jpg,Uncracked
1119.jpg,Uncracked
1120.jpg,Cracked
1121.jpg,Uncracked
1122.jpg,Cracked
1123.jpg,Uncracked
1124.jpg,Uncracked
1125.jpg,Uncracked
1126.jpg,Uncracked
1127.jpg,Cracked
1128.jpg,Cracked
1129.jpg,Cracked
1130.jpg,Uncracked
1131.jpg,Uncracked
1132.jpg,Cracked
1133.jpg,Uncracked
1134.jpg,Cracked
1135.jpg,Cracked
1136.jpg,Uncracked
1137.jpg,Uncracked
1138.jpg,Cracked
1139.jpg,Cracked
1140.jpg,Uncracked
1141.jpg,Cracked
1142.jpg,Uncracked
1143.jpg,Uncracked
1144.jpg,Uncracked
1145.jpg,Uncracked
1146.jpg,Uncracked
1147.jpg,Uncracked
1148.jpg,Uncracked
1149.jpg,Cracked
1150.jpg,Cracked
1151.jpg,Uncracked
1152.jpg,Uncracked
1153.jpg,Uncracked
1154.jpg,Cracked
1155.jpg,Uncracked
1156.jpg,Uncracked
1157.jpg,Uncracked
1158.jpg,Uncracked
1159.jpg,Uncracked
1160.jpg,Cracked
1161.jpg,Cracked
1162.jpg,Cracked
1163.jpg,Cracked
1164.jpg,Cracked
1165.jpg,Cracked
1166.jpg,Uncracked
1167.jpg,Uncracked
1168.jpg,Cracked
1169.jpg,Uncracked
1170.jpg,Uncracked
1171.jpg,Uncracked
1172.jpg,Uncracked
1173.jpg,Cracked
1174.jpg,Uncracked
1175.jpg,Cracked
1176.jpg,Uncracked
1177.jpg,Cracked
1178.jpg,Uncracked
1179.jpg,Uncracked
1180.jpg,Uncracked
1181.jpg,Uncracked
1182.jpg,Uncracked
1183.jpg,Cracked
1184.jpg,Cracked
1185.jpg,Cracked
1186.jpg,Cracked
1187.jpg,Uncracked
1188.jpg,Cracked
1189.jpg,Uncracked
1190.jpg,Uncracked
1191.jpg,Cracked
1192.jpg,Uncracked
1193.jpg,Cracked
1194.jpg,Cracked
1195.jpg,Cracked
1196.jpg,Cracked
1197.jpg,Cracked
1198.jpg,Uncracked
1199.jpg,Cracked
1200.jpg,Uncracked
1201.jpg,Uncracked
1202.jpg,Uncracked
1203.jpg,Uncracked
1204.jpg,Uncracked
1205.jpg,Uncracked
1206.jpg,Uncracked
1207.jpg,Cracked
1208.jpg,Cracked
1209.jpg,Uncracked
1210.jpg,Cracked
1211.jpg,Cracked
1212.jpg,Cracked
1213.jpg,Cracked
1214.jpg,Cracked
1215.jpg,Uncracked
1216.jpg,Cracked
1217.jpg,Uncracked
1218.jpg,Uncracked
1219.jpg,Cracked
1220.jpg,Cracked
1221.jpg,Uncracked
1222.jpg,Cracked
1223.jpg,Uncracked
1224.jpg,Uncracked
1225.jpg,Cracked
1226.jpg,Uncracked
1227.jpg,Cracked
1228.jpg,Cracked
1229.jpg,Cracked
1230.jpg,Uncracked
1231.jpg,Uncracked
1232.jpg,Uncracked
1233.jpg,Cracked
1234.jpg,Uncracked
1235.jpg,Cracked
1236.jpg,Cracked
1237.jpg,Uncracked
1238.jpg,Uncracked
1239.jpg,Cracked
1240.jpg,Cracked
1241.jpg,Uncracked
1242.jpg,Uncracked
1243.jpg,Cracked
1244.jpg,Cracked
1245.jpg,Cracked
1246.jpg,Uncracked
1247.jpg,Uncracked
1248.jpg,Uncracked
1249.jpg,Uncracked
1250.jpg,Uncracked
1251.jpg,Uncracked
1252.jpg,Uncracked
1253.jpg,Uncracked
1254.jpg,Uncracked
1255.jpg,Uncracked
1256.jpg,Uncracked
1257.jpg,Uncracked
1258.jpg,Cracked
1259.jpg,Uncracked
1260.jpg,Uncracked
1261.jpg,Uncracked
1262.jpg,Cracked
1263.jpg,Cracked
1264.jpg,Uncracked
1265.jpg,Cracked
1266.jpg,Cracked
1267.jpg,Uncracked
1268.jpg,Uncracked
1269.jpg,Uncracked
1270.jpg,Cracked
1271.jpg,Cracked
1272.jpg,Cracked
1273.jpg,Uncracked
1274.jpg,Uncracked
1275.jpg,Uncracked
1276.jpg,Uncracked
1277.jpg,Uncracked
1278.jpg,Cracked
1279.jpg,Uncracked
1280.jpg,Uncracked
1281.jpg,Uncracked
1282.jpg,Uncracked
1283.jpg,Cracked
1284.jpg,Cracked
1285.jpg,Uncracked
1286.jpg,Uncracked
1287.jpg,Cracked
1288.jpg,Uncracked
1289.jpg,Cracked
1290.jpg,Cracked
1291.jpg,Uncracked
1292.jpg,Uncracked
1293.jpg,Cracked
1294.jpg,Cracked
1295.jpg,Uncracked
1296.jpg,Cracked
1297.jpg,Uncracked
1298.jpg,Uncracked
1299.jpg,Uncracked
1300.jpg,Uncracked
1301.jpg,Cracked
1302.jpg,Cracked
1303.jpg,Uncracked
1304.jpg,Uncracked
1305.jpg,Cracked
1306.jpg,Uncracked
1307.jpg,Cracked
1308.jpg,Uncracked
1309.jpg,Uncracked
1310.jpg,Uncracked
1311.jpg,Cracked
1312.jpg,Uncracked
1313.jpg,Cracked
1314.jpg,Uncracked
1315.jpg,Uncracked
1316.jpg,Uncracked
1317.jpg,Uncracked
1318.jpg,Cracked
1319.jpg,Uncracked
1320.jpg,Cracked
1321.jpg,Uncracked
1322.jpg,Uncracked
1323.jpg,Uncracked
1324.jpg,Cracked
1325.jpg,Cracked
1326.jpg,Cracked
1327.jpg,Uncracked
1328.jpg,Uncracked
1329.jpg,Uncracked
1330.jpg,Cracked
1331.jpg,Uncracked
1332.jpg,Uncracked
1333.jpg,Uncracked
1334.jpg,Cracked
1335.jpg,Uncracked
1336.jpg,Cracked
1337.jpg,Cracked
1338.jpg,Cracked
1339.jpg,Uncracked
1340.jpg,Cracked
1341.jpg,Uncracked
1342.jpg,Uncracked
1343.jpg,Cracked
1344.jpg,Cracked
1345.jpg,Uncracked
1346.jpg,Cracked
1347.jpg,Uncracked
1348.jpg,Cracked
1349.jpg,Cracked
1350.jpg,Uncracked
1351.jpg,Uncracked
1352.jpg,Uncracked
1353.jpg,Uncracked
1354.jpg,Uncracked
1355.jpg,Cracked
1356.jpg,Cracked
1357.jpg,Cracked
1358.jpg,Cracked
1359.jpg,Uncracked
1360.jpg,Cracked
1361.jpg,Uncracked
1362.jpg,Cracked
1363.jpg,Uncracked
1364.jpg,Uncracked
1365.jpg,Uncracked
1366.jpg,Cracked
1367.jpg,Cracked
1368.jpg,Uncracked
1369.jpg,Cracked
1370.jpg,Uncracked
1371.jpg,Cracked
1372.jpg,Uncracked
1373.jpg,Uncracked
1374.jpg,Uncracked
1375.jpg,Uncracked
1376.jpg,Uncracked
1377.jpg,Cracked
1378.jpg,Uncracked
1379.jpg,Cracked
1380.jpg,Cracked
1381.jpg,Cracked
1382.jpg,Cracked
1383.jpg,Cracked
1384.jpg,Uncracked
1385.jpg,Cracked
1386.jpg,Uncracked
1387.jpg,Uncracked
1388.jpg,Cracked
1389.jpg,Cracked
1390.jpg,Cracked
1391.jpg,Uncracked
1392.jpg,Cracked
1393.jpg,Cracked
1394.jpg,Cracked
1395.jpg,Cracked
1396.jpg,Uncracked
1397.jpg,Cracked
1398.jpg,Cracked
1399.jpg,Cracked
1400.jpg,Cracked
1401.jpg,Cracked
1402.jpg,Cracked
1403.jpg,Cracked
1404.jpg,Uncracked
1405.jpg,Cracked
1406.jpg,Uncracked
1407.jpg,Uncracked
1408.jpg,Uncracked
1409.jpg,Uncracked
1410.jpg,Uncracked
1411.jpg,Cracked
1412.jpg,Uncracked
1413.jpg,Uncracked
1414.jpg,Cracked
1415.jpg,Uncracked
1416.jpg,Cracked
1417.jpg,Cracked
1418.jpg,Cracked
1419.jpg,Cracked
1420.jpg,Cracked
1421.jpg,Uncracked
1422.jpg,Uncracked
1423.jpg,Cracked
1424.jpg,Cracked
1425.jpg,Uncracked
1426.jpg,Cracked
1427.jpg,Uncracked
1428.jpg,Cracked
1429.jpg,Cracked
1430.jpg,Cracked
1431.jpg,Uncracked
1432.jpg,Uncracked
1433.jpg,Uncracked
1434.jpg,Cracked
1435.jpg,Uncracked
1436.jpg,Uncracked
1437.jpg,Cracked
1438.jpg,Cracked
1439.jpg,Uncracked
1440.jpg,Uncracked
1441.jpg,Uncracked
1442.jpg,Uncracked
1443.jpg,Cracked
1444.jpg,Cracked
1445.jpg,Cracked
1446.jpg,Uncracked
1447.jpg,Uncracked
1448.jpg,Uncracked
1449.jpg,Uncracked
1450.jpg,Uncracked
1451.jpg,Cracked
1452.jpg,Cracked
1453.jpg,Cracked
1454.jpg,Cracked
1455.jpg,Uncracked
1456.jpg,Uncracked
1457.jpg,Uncracked
1458.jpg,Uncracked
1459.jpg,Cracked
1460.jpg,Cracked
1461.jpg,Uncracked
1462.jpg,Uncracked
1463.jpg,Cracked
1464.jpg,Uncracked
1465.jpg,Cracked
1466.jpg,Uncracked
1467.jpg,Cracked
1468.jpg,Cracked
1469.jpg,Uncracked
1470.jpg,Uncracked
1471.jpg,Cracked
1472.jpg,Cracked
1473.jpg,Cracked
1474.jpg,Cracked
1475.jpg,Cracked
1476.jpg,Uncracked
1477.jpg,Uncracked
1478.jpg,Uncracked
1479.jpg,Uncracked
1480.jpg,Uncracked
1481.jpg,Cracked
1482.jpg,Uncracked
1483.jpg,Cracked
1484.jpg,Uncracked
1485.jpg,Cracked
1486.jpg,Cracked
1487.jpg,Uncracked
1488.jpg,Uncracked
1489.jpg,Cracked
1490.jpg,Uncracked
1491.jpg,Cracked
1492.jpg,Cracked
1493.jpg,Cracked
1494.jpg,Uncracked
1495.jpg,Uncracked
1496.jpg,Uncracked
1497.jpg,Uncracked
1498.jpg,Cracked
1499.jpg,Cracked
1500.jpg,Cracked
1501.jpg,Uncracked
1502.jpg,Uncracked
1503.jpg,Cracked
1504.jpg,Cracked
1505.jpg,Uncracked
1506.jpg,Uncracked
1507.jpg,Uncracked
1508.jpg,Uncracked
1509.jpg,Uncracked
1510.jpg,Cracked
1511.jpg,Uncracked
1512.jpg,Uncracked
1513.jpg,Cracked
1514.jpg,Cracked
1515.jpg,Cracked
1516.jpg,Cracked
1517.jpg,Uncracked
1518.jpg,Cracked
1519.jpg,Uncracked
1520.jpg,Cracked
1521.jpg,Cracked
1522.jpg,Cracked
1523.jpg,Cracked
1524.jpg,Cracked
1525.jpg,Uncracked
1526.jpg,Cracked
1527.jpg,Cracked
1528.jpg,Cracked
1529.jpg,Uncracked
1530.jpg,Uncracked
1531.jpg,Uncracked
1532.jpg,Uncracked
1533.jpg,Uncracked
1534.jpg,Cracked
1535.jpg,Cracked
1536.jpg,Uncracked
1537.jpg,Uncracked
1538.jpg,Cracked
1539.jpg,Uncracked
1540.jpg,Uncracked
1541.jpg,Uncracked
1542.jpg,Uncracked
1543.jpg,Cracked
1544.jpg,Uncracked
1545.jpg,Uncracked
1546.jpg,Cracked
1547.jpg,Uncracked
1548.jpg,Uncracked
1549.jpg,Cracked
1550.jpg,Uncracked
1551.jpg,Cracked
1552.jpg,Uncracked
1553.jpg,Cracked
1554.jpg,Uncracked
1555.jpg,Cracked
1556.jpg,Cracked
1557.jpg,Uncracked
1558.jpg,Cracked
1559.jpg,Cracked
1560.jpg,Cracked
1561.jpg,Uncracked
1562.jpg,Uncracked
1563.jpg,Uncracked
1564.jpg,Uncracked
1565.jpg,Uncracked
1566.jpg,Cracked
1567.jpg,Cracked
1568.jpg,Uncracked
1569.jpg,Uncracked
1570.jpg,Cracked
1571.jpg,Uncracked
1572.jpg,Uncracked
1573.jpg,Cracked
1574.jpg,Uncracked
1575.jpg,Cracked
1576.jpg,Cracked
1577.jpg,Cracked
1578.jpg,Uncracked
1579.jpg,Uncracked
1580.jpg,Uncracked
1581.jpg,Uncracked
1582.jpg,Cracked
1583.jpg,Uncracked
1584.jpg,Cracked
1585.jpg,Uncracked
1586.jpg,Cracked
1587.jpg,Uncracked
1588.jpg,Uncracked
1589.jpg,Cracked
1590.jpg,Cracked
1591.jpg,Uncracked
1592.jpg,Uncracked
1593.jpg,Cracked
1594.jpg,Cracked
1595.jpg,Uncracked
1596.jpg,Uncracked
1597.jpg,Cracked
1598.jpg,Uncracked
1599.jpg,Uncracked
1600.jpg,Cracked
1601.jpg,Uncracked
1602.jpg,Uncracked
1603.jpg,Cracked
1604.jpg,Cracked
1605.jpg,Cracked
1606.jpg,Uncracked
1607.jpg,Cracked
1608.jpg,Cracked
1609.jpg,Cracked
1610.jpg,Cracked
1611.jpg,Cracked
1612.jpg,Uncracked
1613.jpg,Cracked
1614.jpg,Uncracked
1615.jpg,Cracked
1616.jpg,Uncracked
1617.jpg,Cracked
1618.jpg,Cracked
1619.jpg,Uncracked
1620.jpg,Cracked
1621.jpg,Uncracked
1622.jpg,Cracked
1623.jpg,Cracked
1624.jpg,Cracked
1625.jpg,Uncracked
1626.jpg,Cracked
1627.jpg,Uncracked
1628.jpg,Cracked
1629.jpg,Uncracked
1630.jpg,Cracked
1631.jpg,Cracked
1632.jpg,Uncracked
1633.jpg,Uncracked
1634.jpg,Cracked
1635.jpg,Uncracked
1636.jpg,Uncracked
1637.jpg,Uncracked
1638.jpg,Cracked
1639.jpg,Cracked
1640.jpg,Cracked
1641.jpg,Uncracked
1642.jpg,Cracked
1643.jpg,Uncracked
1644.jpg,Uncracked
1645.jpg,Uncracked
1646.jpg,Cracked
1647.jpg,Uncracked
1648.jpg,Uncracked
1649.jpg,Uncracked
1650.jpg,Cracked
1651.jpg,Uncracked
1652.jpg,Uncracked
1653.jpg,Cracked
1654.jpg,Uncracked
1655.jpg,Uncracked
1656.jpg,Cracked
1657.jpg,Uncracked
1658.jpg,Uncracked
1659.jpg,Uncracked
1660.jpg,Uncracked
1661.jpg,Uncracked
1662.jpg,Uncracked
1663.jpg,Cracked
1664.jpg,Uncracked
1665.jpg,Uncracked
1666.jpg,Uncracked
1667.jpg,Uncracked
1668.jpg,Cracked
1669.jpg,Cracked
1670.jpg,Uncracked
1671.jpg,Cracked
1672.jpg,Uncracked
1673.jpg,Cracked
1674.jpg,Uncracked
1675.jpg,Uncracked
1676.jpg,Uncracked
1677.jpg,Uncracked
1678.jpg,Uncracked
1679.jpg,Uncracked
1680.jpg,Uncracked
1681.jpg,Cracked
1682.jpg,Uncracked
1683.jpg,Uncracked
1684.jpg,Uncracked
1685.jpg,Uncracked
1686.jpg,Uncracked
1687.jpg,Uncracked
1688.jpg,Cracked
1689.jpg,Cracked
1690.jpg,Uncracked
1691.jpg,Uncracked
1692.jpg,Uncracked
1693.jpg,Cracked
1694.jpg,Cracked
1695.jpg,Cracked
1696.jpg,Uncracked
1697.jpg,Uncracked
1698.jpg,Cracked
1699.jpg,Uncracked
1700.jpg,Uncracked
1701.jpg,Uncracked
1702.jpg,Uncracked
1703.jpg,Uncracked
1704.jpg,Cracked
1705.jpg,Uncracked
1706.jpg,Uncracked
1707.jpg,Uncracked
1708.jpg,Cracked
1709.jpg,Uncracked
1710.jpg,Cracked
1711.jpg,Uncracked
1712.jpg,Uncracked
1713.jpg,Cracked
1714.jpg,Uncracked
1715.jpg,Uncracked
1716.jpg,Cracked
1717.jpg,Uncracked
1718.jpg,Uncracked
1719.jpg,Uncracked
1720.jpg,Uncracked
1721.jpg,Uncracked
1722.jpg,Uncracked
1723.jpg,Uncracked
1724.jpg,Uncracked
1725.jpg,Cracked
1726.jpg,Uncracked
1727.jpg,Uncracked
1728.jpg,Cracked
1729.jpg,Cracked
1730.jpg,Uncracked
1731.jpg,Cracked
1732.jpg,Cracked
1733.jpg,Uncracked
1734.jpg,Cracked
1735.jpg,Cracked
1736.jpg,Uncracked
1737.jpg,Uncracked
1738.jpg,Uncracked
1739.jpg,Uncracked
1740.jpg,Uncracked
1741.jpg,Uncracked
1742.jpg,Uncracked
1743.jpg,Cracked
1744.jpg,Cracked
1745.jpg,Cracked
1746.jpg,Uncracked
1747.jpg,Uncracked
1748.jpg,Uncracked
1749.jpg,Uncracked
1750.jpg,Cracked
1751.jpg,Cracked
1752.jpg,Uncracked
1753.jpg,Uncracked
1754.jpg,Cracked
1755.jpg,Cracked
1756.jpg,Uncracked
1757.jpg,Cracked
1758.jpg,Uncracked
1759.jpg,Uncracked
1760.jpg,Uncracked
1761.jpg,Uncracked
1762.jpg,Cracked
1763.jpg,Uncracked
1764.jpg,Cracked
1765.jpg,Cracked
1766.jpg,Uncracked
1767.jpg,Uncracked
1768.jpg,Cracked
1769.jpg,Cracked
1770.jpg,Cracked
1771.jpg,Uncracked
1772.jpg,Uncracked
1773.jpg,Cracked
1774.jpg,Uncracked
1775.jpg,Cracked
1776.jpg,Cracked
1777.jpg,Uncracked
1778.jpg,Cracked
1779.jpg,Cracked
1780.jpg,Uncracked
1781.jpg,Cracked
1782.jpg,Uncracked
1783.jpg,Cracked
1784.jpg,Cracked
1785.jpg,Uncracked
1786.jpg,Cracked
1787.jpg,Uncracked
1788.jpg,Uncracked
1789.jpg,Cracked
1790.jpg,Uncracked
1791.jpg,Uncracked
1792.jpg,Uncracked
1793.jpg,Cracked
1794.jpg,Uncracked
1795.jpg,Uncracked
1796.jpg,Uncracked
1797.jpg,Uncracked
1798.jpg,Uncracked
1799.jpg,Cracked
1800.jpg,Cracked
1801.jpg,Cracked
1802.jpg,Uncracked
1803.jpg,Uncracked
1804.jpg,Cracked
1805.jpg,Uncracked
1806.jpg,Cracked
1807.jpg,Cracked
1808.jpg,Cracked
1809.jpg,Cracked
1810.jpg,Uncracked
1811.jpg,Uncracked
1812.jpg,Uncracked
1813.jpg,Cracked
1814.jpg,Uncracked
1815.jpg,Uncracked
1816.jpg,Uncracked
1817.jpg,Cracked
1818.jpg,Uncracked
1819.jpg,Uncracked
1820.jpg,Uncracked
1821.jpg,Cracked
1822.jpg,Cracked
1823.jpg,Cracked
1824.jpg,Cracked
1825.jpg,Cracked
1826.jpg,Cracked
1827.jpg,Cracked
1828.jpg,Uncracked
1829.jpg,Uncracked
1830.jpg,Uncracked
1831.jpg,Uncracked
1832.jpg,Uncracked
1833.jpg,Uncracked
1834.jpg,Uncracked
1835.jpg,Cracked
1836.jpg,Cracked
1837.jpg,Cracked
1838.jpg,Uncracked
1839.jpg,Cracked
1840.jpg,Uncracked
1841.jpg,Cracked
1842.jpg,Uncracked
1843.jpg,Cracked
1844.jpg,Uncracked
1845.jpg,Uncracked
1846.jpg,Cracked
1847.jpg,Cracked
1848.jpg,Uncracked
1849.jpg,Cracked
1850.jpg,Uncracked
1851.jpg,Uncracked
1852.jpg,Uncracked
1853.jpg,Cracked
1854.jpg,Uncracked
1855.jpg,Uncracked
1856.jpg,Cracked
1857.jpg,Uncracked
1858.jpg,Uncracked
1859.jpg,Uncracked
1860.jpg,Uncracked
1861.jpg,Cracked
1862.jpg,Cracked
1863.jpg,Uncracked
1864.jpg,Uncracked
1865.jpg,Cracked
1866.jpg,Uncracked
1867.jpg,Uncracked
1868.jpg,Uncracked
1869.jpg,Cracked
1870.jpg,Uncracked
1871.jpg,Uncracked
1872.jpg,Cracked
1873.jpg,Uncracked
1874.jpg,Uncracked
1875.jpg,Uncracked
1876.jpg,Cracked
1877.jpg,Cracked
1878.jpg,Uncracked
1879.jpg,Cracked
1880.jpg,Cracked
1881.jpg,Cracked
1882.jpg,Cracked
1883.jpg,Uncracked
1884.jpg,Uncracked
1885.jpg,Uncracked
1886.jpg,Uncracked
1887.jpg,Uncracked
1888.jpg,Uncracked
1889.jpg,Uncracked
1890.jpg,Cracked
1891.jpg,Cracked
1892.jpg,Cracked
1893.jpg,Cracked
1894.jpg,Uncracked
1895.jpg,Cracked
1896.jpg,Uncracked
1897.jpg,Uncracked
1898.jpg,Uncracked
1899.jpg,Uncracked
1900.jpg,Cracked
1901.jpg,Cracked
1902.jpg,Uncracked
1903.jpg,Uncracked
1904.jpg,Uncracked
1905.jpg,Uncracked
1906.jpg,Cracked
1907.jpg,Cracked
1908.jpg,Uncracked
1909.jpg,Uncracked
1910.jpg,Cracked
1911.jpg,Uncracked
1912.jpg,Uncracked
1913.jpg,Cracked
1914.jpg,Uncracked
1915.jpg,Uncracked
1916.jpg,Uncracked
1917.jpg,Cracked
1918.jpg,Uncracked
1919.jpg,Uncracked
1920.jpg,Cracked
1921.jpg,Uncracked
1922.jpg,Uncracked
1923.jpg,Cracked
1924.jpg,Uncracked
1925.jpg,Uncracked
1926.jpg,Uncracked
1927.jpg,Uncracked
1928.jpg,Cracked
1929.jpg,Uncracked
1930.jpg,Cracked
1931.jpg,Cracked
1932.jpg,Cracked
1933.jpg,Cracked
1934.jpg,Uncracked
1935.jpg,Uncracked
1936.jpg,Cracked
1937.jpg,Uncracked
1938.jpg,Uncracked
1939.jpg,Uncracked
1940.jpg,Uncracked
1941.jpg,Cracked
1942.jpg,Uncracked
1943.jpg,Cracked
1944.jpg,Uncracked
1945.jpg,Cracked
1946.jpg,Cracked
1947.jpg,Uncracked
1948.jpg,Cracked
1949.jpg,Uncracked
1950.jpg,Uncracked
1951.jpg,Uncracked
1952.jpg,Uncracked
1953.jpg,Uncracked
1954.jpg,Uncracked
1955.jpg,Uncracked
1956.jpg,Cracked
1957.jpg,Cracked
1958.jpg,Uncracked
1959.jpg,Uncracked
1960.jpg,Cracked
1961.jpg,Uncracked
1962.jpg,Cracked
1963.jpg,Uncracked
1964.jpg,Uncracked
1965.jpg,Cracked
1966.jpg,Cracked
1967.jpg,Uncracked
1968.jpg,Uncracked
1969.jpg,Uncracked
1970.jpg,Uncracked
1971.jpg,Uncracked
1972.jpg,Uncracked
1973.jpg,Uncracked
1974.jpg,Cracked
1975.jpg,Uncracked
1976.jpg,Uncracked
1977.jpg,Uncracked
1978.jpg,Cracked
1979.jpg,Cracked
1980.jpg,Uncracked
1981.jpg,Cracked
1982.jpg,Cracked
1983.jpg,Uncracked
1984.jpg,Uncracked
1985.jpg,Uncracked
1986.jpg,Cracked
1987.jpg,Cracked
1988.jpg,Uncracked
1989.jpg,Uncracked
1990.jpg,Cracked
1991.jpg,Cracked
1992.jpg,Uncracked
1993.jpg,Uncracked
1994.jpg,Cracked
1995.jpg,Uncracked
1996.jpg,Uncracked
1997.jpg,Cracked
1998.jpg,Cracked
1999.jpg,Cracked
2000.jpg,Uncracked
